{
  "grid_size": [
    10,
    10
  ],
  "start_state": [
    [
      0,
      0
    ],
    [
      1,
      0
    ],
    [
      1,
      1
    ],
    [
      2,
      1
    ]
  ],
  "target_state": [
    [
      3,
      6
    ],
    [
      3,
      8
    ],
    [
      3,
      9
    ],
    [
      4,
      7
    ]
  ],
  "solution": [
    [
      [
        0,
        1,
        1
      ],
      [
        1,
        1,
        1
      ],
      [
        2,
        1,
        1
      ],
      [
        3,
        1,
        1
      ]
    ],
    [
      [
        0,
        1,
        1
      ],
      [
        1,
        1,
        1
      ],
      [
        2,
        1,
        1
      ],
      [
        3,
        1,
        1
      ]
    ],
    [
      [
        0,
        0,
        1
      ],
      [
        1,
        0,
        1
      ],
      [
        2,
        0,
        1
      ],
      [
        3,
        0,
        1
      ]
    ],
    [
      [
        0,
        0,
        1
      ],
      [
        1,
        0,
        1
      ],
      [
        2,
        0,
        1
      ],
      [
        3,
        0,
        1
      ]
    ],
    [
      [
        0,
        0,
        1
      ],
      [
        1,
        0,
        1
      ],
      [
        2,
        0,
        1
      ],
      [
        3,
        0,
        1
      ]
    ],
    [
      [
        0,
        0,
        1
      ],
      [
        1,
        0,
        1
      ],
      [
        2,
        0,
        1
      ],
      [
        3,
        0,
        1
      ]
    ],
    [
      [
        1,
        0,
        1
      ],
      [
        2,
        0,
        1
      ]
    ],
    [
      [
        0,
        1,
        0
      ]
    ],
    [
      [
        1,
        0,
        1
      ],
      [
        2,
        0,
        1
      ]
    ]
  ],
  "metrics": {
    "solved": true,
    "solution_length": 9,
    "execution_time": 0.013887166976928711,
    "nodes_expanded": 9,
    "max_frontier_size": 294,
    "grid_size": 100,
    "num_blocks": 4,
    "complexity": 80,
    "ml_time": 0,
    "search_time": 0.013887166976928711,
    "ml_suggestions_used": 0,
    "ml_suggestions_total": 0
  }
}