{
  "grid_size": [
    10,
    10
  ],
  "start_state": [
    [
      2,
      0
    ],
    [
      3,
      0
    ],
    [
      3,
      2
    ],
    [
      4,
      0
    ],
    [
      4,
      1
    ],
    [
      4,
      2
    ],
    [
      5,
      0
    ]
  ],
  "target_state": [
    [
      6,
      4
    ],
    [
      7,
      2
    ],
    [
      7,
      3
    ],
    [
      8,
      2
    ],
    [
      8,
      3
    ],
    [
      8,
      4
    ],
    [
      9,
      3
    ]
  ],
  "solution": [
    [
      [
        0,
        1,
        1
      ],
      [
        1,
        1,
        1
      ],
      [
        2,
        1,
        1
      ],
      [
        3,
        1,
        1
      ],
      [
        4,
        1,
        1
      ],
      [
        5,
        1,
        1
      ],
      [
        6,
        1,
        1
      ]
    ],
    [
      [
        0,
        1,
        1
      ],
      [
        1,
        1,
        1
      ],
      [
        2,
        1,
        1
      ],
      [
        3,
        1,
        1
      ],
      [
        4,
        1,
        1
      ],
      [
        5,
        1,
        1
      ],
      [
        6,
        1,
        1
      ]
    ],
    [
      [
        0,
        1,
        0
      ],
      [
        1,
        1,
        0
      ],
      [
        2,
        1,
        0
      ],
      [
        3,
        1,
        0
      ],
      [
        4,
        1,
        0
      ],
      [
        5,
        1,
        0
      ],
      [
        6,
        1,
        0
      ]
    ],
    [
      [
        0,
        1,
        0
      ],
      [
        1,
        1,
        0
      ],
      [
        2,
        1,
        0
      ],
      [
        3,
        1,
        0
      ],
      [
        4,
        1,
        0
      ],
      [
        5,
        1,
        0
      ],
      [
        6,
        1,
        0
      ]
    ],
    [
      [
        0,
        1,
        1
      ]
    ],
    [
      [
        6,
        0,
        1
      ]
    ],
    [
      [
        2,
        -1,
        0
      ]
    ]
  ],
  "metrics": {
    "solved": true,
    "solution_length": 7,
    "execution_time": 0.02111339569091797,
    "nodes_expanded": 7,
    "max_frontier_size": 384,
    "grid_size": 100,
    "num_blocks": 7,
    "complexity": 140,
    "ml_time": 0,
    "search_time": 0.02111339569091797,
    "ml_suggestions_used": 0,
    "ml_suggestions_total": 0
  }
}